IMDb_ID,Title,Year,Genre,IMDb_Rating,RottenTomatoes,Metacritic,BoxOffice,Director,Actors,Plot,BoxOffice_Global,Reddit_Sentiment,YouTube_Sentiment
tt22022452,Inside Out 2,2024,"Animation, Adventure, Comedy",7.6,91,73,"$652,980,194",Kelsey Mann,"Amy Poehler, Maya Hawke, Kensington Tallman","A sequel that features Riley entering puberty and experiencing brand new, more complex emotions as a result. As Riley tries to adapt to her teenage years, her old emotions try to adapt to the possibility of being replaced.","$1,698,772,985",0.25454545454545496,1.3
tt6263850,Deadpool & Wolverine,2024,"Action, Adventure, Comedy",7.6,78,56,"$636,745,858",Shawn Levy,"Ryan Reynolds, Hugh Jackman, Emma Corrin","Deadpool is offered a place in the Marvel Cinematic Universe by the Time Variance Authority, but instead recruits a variant of Wolverine to save his universe from extinction.","$1,338,073,645",0.9583333333333331,0.852941176470588
tt13622970,Moana 2,2024,"Animation, Adventure, Comedy",6.9,61,58,"$450,570,191","David G. Derrick Jr., Jason Hand, Dana Ledoux Miller","Auli'i Cravalho, Dwayne Johnson, Hualalai Chung","After receiving an unexpected call from her wayfinding ancestors, Moana must journey to the far seas of Oceania and into dangerous, long-lost waters for an adventure unlike anything she's ever faced.","$1,053,422,063",-0.16666666666666666,0
tt7510222,Despicable Me 4,2024,"Animation, Adventure, Comedy",6.2,56,52,"$361,004,205","Chris Renaud, Patrick Delage","Steve Carell, Kristen Wiig, Pierre Coffin","Gru, Lucy, Margo, Edith, and Agnes welcome a new member to the family, Gru Jr., who is intent on tormenting his dad. Gru faces a new nemesis in Maxime Le Mal and his girlfriend Valentina, and the family is forced to go on the run.","$969,126,452",0.22988505747126425,0
tt1262426,Wicked,2024,"Fantasy, Musical, Romance",8,88,73,"$465,905,925",Jon M. Chu,"Cynthia Erivo, Ariana Grande, Jeff Goldblum","Elphaba, a misunderstood young woman because of her green skin, and Galinda, a popular girl, become friends at Shiz University in the Land of Oz. After an encounter with the Wonderful Wizard of Oz, their friendship reaches a cross...","$728,099,160",0.9583333333333331,0.0461538461538463
tt15239678,Dune: Part Two,2024,"Action, Adventure, Drama",8.5,92,79,"$282,144,358",Denis Villeneuve,"Timothée Chalamet, Zendaya, Rebecca Ferguson","Paul Atreides unites with the Fremen while on a warpath of revenge against the conspirators who destroyed his family. Facing a choice between the love of his life and the fate of the universe, he endeavors to prevent a terrible fu...","$714,444,358",0.7142857142857142,1.47619047619048
tt13186482,Mufasa: The Lion King,2024,"Animation, Adventure, Drama",6.7,57,56,"$229,510,210",Barry Jenkins,"Aaron Pierre, Kelvin Harrison Jr., Tiffany Boone","Mufasa, a cub lost and alone, meets a sympathetic lion named Taka, the heir to a royal bloodline. The chance meeting sets in motion an expansive journey of a group of misfits searching for their destiny.","$699,166,232",0.23404255319148912,0
tt14539740,Godzilla x Kong: The New Empire,2024,"Action, Adventure, Fantasy",6.1,54,47,"$196,350,016",Adam Wingard,"Rebecca Hall, Brian Tyree Henry, Dan Stevens","Two ancient titans, Godzilla and Kong, clash in an epic battle as humans unravel their intertwined origins and connection to Skull Island's mysteries.","$571,750,016",-0.04545454545454566,0.391304347826087
tt21692408,Kung Fu Panda 4,2024,"Animation, Action, Adventure",6.3,71,54,"$193,590,620","Mike Mitchell, Stephanie Stine","Jack Black, Awkwafina, Viola Davis","After Po is tapped to become the Spiritual Leader of the Valley of Peace, he needs to find and train a new Dragon Warrior, while a wicked sorceress plans to re-summon all the master villains whom Po has vanquished to the spirit re...","$547,689,492",0.29999999999999993,0
tt28151876,Yolo,2024,"Action, Comedy, Drama",6.9,82,59.5,"$2,001,584",Ling Jia,"Ling Jia, Jiayin Lei, Xiaofei Zhang","After an argument with her younger sister, Le Ying moves out on her own. She meets a boxing trainer and starts boxing.","$498,700,000 (Chinese movie)",0.9583333333333331,2.33333333333333
tt18259086,Sonic the Hedgehog 3,2024,"Action, Adventure, Comedy",7,85,56,"$230,549,154",Jeff Fowler,"Jim Carrey, Ben Schwartz, Keanu Reeves","Sonic, Knuckles, and Tails reunite against a powerful new adversary, Shadow, a mysterious villain with powers unlike anything they have faced before. With their abilities outmatched, Team Sonic must seek out an unlikely alliance.","$483,300,605",0.9642857142857142,1.88
tt30829309,Pegasus 2,2024,"Comedy, Drama, Sport",7,76,59.5,N/A,Han Han,"Teng Shen, Chengcheng Fan, Zheng Yin","A former rally driving champion, now down on his luck, finds new partners to re-enter a famed rally race.","$478,500,000 (Chinese movie)",-0.16666666666666666,0.125
tt16366836,Venom: The Last Dance,2024,"Action, Adventure, Sci-Fi",6,40,41,"$139,755,882",Kelly Marcel,"Tom Hardy, Chiwetel Ejiofor, Juno Temple",Eddie Brock and Venom must make a devastating decision as they're pursued by a mysterious military man and alien monsters from Venom's home world.,"$476,881,770",0.3684210526315791,0.1875
tt32613601,Successor,2024,"Comedy, Drama",6.8,76,59.5,N/A,"Da-Mo Peng, Fei Yan","Teng Shen, Li Ma, Rina Sa","Ma Chenggang and Chunlan, who have ""no oil in their soup and no money in their pockets"", ride a donkey to work and have a poor family. Their son Ma Jiye is the only hope who can change their fate.","$469,612,890 (Chinese movie)",0.9583333333333331,2.33333333333333
tt9218128,Gladiator II,2024,"Action, Adventure, Drama",6.6,71,64,"$172,118,000",Ridley Scott,"Paul Mescal, Denzel Washington, Pedro Pascal","After his home is conquered by the tyrannical emperors who now lead Rome, Lucius is forced to enter the Colosseum and must look to his past to find strength to return the glory of Rome to its people.","$460,479,415",0.9583333333333331,-0.8
tt2049403,Beetlejuice Beetlejuice,2024,"Comedy, Fantasy, Horror",6.7,75,62,"$294,100,435",Tim Burton,"Michael Keaton, Winona Ryder, Catherine O'Hara","After a family tragedy, three generations of the Deetz family return home to Winter River. Still haunted by Beetlejuice, Lydia's life is turned upside down when her teenage daughter, Astrid, accidentally opens the portal to the Af...","$451,100,435",0.9583333333333331,0.708333333333333
tt4919268,Bad Boys: Ride or Die,2024,"Action, Adventure, Comedy",6.5,65,54,"$193,573,217","Adil El Arbi, Bilall Fallah","Will Smith, Martin Lawrence, Vanessa Hudgens","When their late police captain gets linked to drug cartels, wisecracking Miami cops Mike Lowrey and Marcus Burnett embark on a dangerous mission to clear his name.","$404,547,819",1.641509433962264,-0.840909090909091
tt11389872,Kingdom of the Planet of the Apes,2024,"Action, Adventure, Drama",6.9,80,66,"$171,130,165",Wes Ball,"Owen Teague, Freya Allan, Kevin Durand","Many years after the reign of Caesar, a young ape goes on a journey that will lead him to question everything he's been taught about the past and make choices that will define a future for apes and humans alike.","$397,378,150",0.2857142857142858,0.714285714285714
tt12584954,Twisters,2024,"Action, Adventure, Thriller",6.5,75,65,"$267,762,265",Lee Isaac Chung,"Daisy Edgar-Jones, Glen Powell, Anthony Ramos","Kate Carter, a retired tornado-chaser and meteorologist, is persuaded to return to Oklahoma to work with a new team and new technologies.","$370,962,265",0.9583333333333331,0.658536585365854
tt10655524,It Ends with Us,2024,"Drama, Romance",6.4,55,53,"$148,518,266",Justin Baldoni,"Blake Lively, Justin Baldoni, Jenny Slate","When a woman's first love suddenly reenters her life, her relationship with a charming, but abusive neurosurgeon is upended and she realizes she must learn to rely on her own strength to make an impossible choice for her future.","$350,993,761",0.4623655913978494,0.425925925925926
tt18412256,Alien: Romulus,2024,"Horror, Sci-Fi, Thriller",7.1,80,64,"$105,313,091",Fede Alvarez,"Cailee Spaeny, David Jonsson, Archie Renaux","While scavenging the deep ends of a derelict space station, a group of young space colonists come face to face with the most terrifying life form in the universe.","$350,865,342",0.9583333333333331,-0.096774193548387
tt28258332,Article 20,2024,Drama,7,76,59.5,N/A,Yimou Zhang,"Jiayin Lei, Li Ma, Liying Zhao","A prosecutor on his last case deals with a colleague to exonerate a suspect, making the law just.","$345,600,000 (Chinese movie)",0.9583333333333331,1.40425531914894
tt29623480,The Wild Robot,2024,"Animation, Sci-Fi",8.2,97,85,"$143,740,475",Chris Sanders,"Lupita Nyong'o, Pedro Pascal, Kit Connor","After a shipwreck, an intelligent robot called Roz is stranded on an uninhabited island. To survive the harsh environment, Roz bonds with the island's animals and cares for an orphaned baby goose.","$324,994,210",0.47826086956521746,0.894736842105263
tt29632994,Boonie Bears: Time Twist,2024,Animation,6.1,76,59.5,N/A,Lin Yongchang,"Chris Boike, Patrick Freeman, Kieran Katarey","When Vick gets a chance to start his life again as a logger, he must save his friends by embarking on an adventure through time and space.","$279,600,000 (Chinese movie)",-0.30000000000000004,0
tt13433802,A Quiet Place: Day One,2024,"Drama, Horror, Sci-Fi",6.3,86,68,"$138,930,553",Michael Sarnoski,"Lupita Nyong'o, Joseph Quinn, Alex Wolff",A young woman named Sam finds herself trapped in New York City during the early stages of an invasion by alien creatures with ultra-sensitive hearing.,"$261,786,322",1,-0.3
tt5779228,The Garfield Movie,2024,"Animation, Adventure, Comedy",5.7,37,31,"$91,956,547",Mark Dindal,"Chris Pratt, Samuel L. Jackson, Hannah Waddingham","After Garfield's unexpected reunion with his long-lost father, ragged alley cat Vic, he and his canine friend Odie are forced from their perfectly pampered lives to join Vic on a risky heist.","$255,406,310",0,0
tt11315808,Joker: Folie à Deux,2024,"Drama, Musical, Thriller",5.2,31,45,"$58,300,287",Todd Phillips,"Joaquin Phoenix, Lady Gaga, Brendan Gleeson","Struggling with his dual identity, failed comedian Arthur Fleck meets the love of his life, Harley Quinn, while incarcerated at Arkham State Hospital.","$206,400,287",0,0.266666666666667
tt21235248,Ghostbusters: Frozen Empire,2024,"Adventure, Comedy, Fantasy",6.1,42,46,"$113,376,590",Gil Kenan,"Paul Rudd, Carrie Coon, Finn Wolfhard","When the discovery of an ancient artifact unleashes an evil force, Ghostbusters new and old must join forces to protect their home and save the world from a second ice age.","$201,967,521",0.9583333333333331,0.421052631578948
tt32553390,A Place Called Silence,2024,"Crime, Drama, Mystery",6.4,76,59.5,N/A,Sam Quah,"Chuan-jun Wang, Ning Chang, Francis Ng","Chen Yutong, a girl's middle school student, was bullied at school, but her mother Li Han was unable to save her daughter from the ""hell"". Everyone around her turned a blind eye, and a collective silence brewed greater violence.","$192,856,689 (Chinese movie)",1.6274509803921569,0.25531914893617
tt11152168,IF,2024,"Animation, Comedy, Drama",6.4,50,46,"$111,149,917",John Krasinski,"Cailey Fleming, Ryan Reynolds, John Krasinski",A young girl who goes through a difficult experience begins to see everyone's imaginary friends who have been left behind as their real-life friends have grown up.,"$190,309,707",-0.7245508982035929,0.357142857142857
tt14948432,Red One,2024,"Action, Adventure, Comedy",6.3,30,34,"$97,000,759",Jake Kasdan,"Dwayne Johnson, Chris Evans, Lucy Liu","After Santa Claus is kidnapped, the North Pole's Head of Security must team up with a notorious hacker in a globe-trotting, action-packed mission to save Christmas.","$185,661,528",-0.5263157894736843,0.64
tt1684562,The Fall Guy,2024,"Action, Comedy, Drama",6.8,82,73,"$92,900,355",David Leitch,"Ryan Gosling, Emily Blunt, Aaron Taylor-Johnson","A stuntman, fresh off an almost career-ending accident, has to track down a missing movie star, solve a conspiracy and try to win back the love of his life while still doing his day job.","$181,073,291",0.88135593220339,1.61290322580645
tt8521778,Bob Marley: One Love,2024,"Biography, Drama, Music",6.2,43,43,"$96,893,170",Reinaldo Marcus Green,"Kingsley Ben-Adir, Lashana Lynch, James Norton","The story of how reggae icon Bob Marley overcame adversity, and the journey behind his revolutionary music.","$180,828,556",-0.0434782608695651,1.25
tt27510174,Stree 2: Sarkate Ka Aatank,2024,"Comedy, Horror",7,62,59.5,"$2,570,000",Amar Kaushik,"Bhumi Rajgor, Shruti Pandey, Sunil Kumar","After the events of Stree, the town of Chanderi is being haunted again. This time, women are mysteriously abducted by a terrifying headless entity. Once again, it's up to Vicky and his friends to save their town and loved ones.","$174,614,000 (Indian movie)",0.9583333333333331,1.77777777777778
tt12037194,Furiosa: A Mad Max Saga,2024,"Action, Adventure, Sci-Fi",7.5,90,79,"$67,475,791",George Miller,"Anya Taylor-Joy, Chris Hemsworth, Tom Burke",The origin story of renegade warrior Furiosa before her encounter and teamup with Mad Max.,"$173,775,791",-0.27205882352941163,0.538461538461539
tt5040012,Nosferatu,2024,"Fantasy, Horror, Mystery",7.6,85,78,"$90,100,560",Robert Eggers,"Lily-Rose Depp, Nicholas Hoult, Bill Skarsgård","A gothic tale of obsession between a haunted young woman and the terrifying vampire infatuated with her, causing untold horror in its wake.","$166,504,520",0.9583333333333331,0.645161290322581
tt32843258,The Volunteers: The Battle of Life and Death,2024,"Drama, History, War",6.2,76,59.5,N/A,Kaige Chen,"Yilong Zhu, Zifeng Zhang, Bai Qing Xin","It tells the story of the third to fifth battles in the War to Resist U.S. Aggression and Aid Korea, among which Battle of Cheorwon will be the highlight. Li Xiang , Fu Chongbi, Cai Changyuan from 63rd Army and others will come on...","$161,246,647 (Chinese movie)",0.6666666666666669,0
tt15314262,The Beekeeper,2024,"Action, Crime, Thriller",6.3,71,53,"$66,220,535",David Ayer,"Jason Statham, Emmy Raver-Lampman, Bobby Naderi","A kind-hearted landlady commits suicide after falling victim to a phishing scam, leading former ""Beekeeper"" operative Adam Clay to set out on a brutal campaign for revenge upon those responsible.","$152,720,535",-0.13131313131313116,0.935483870967742
tt29268110,Smile 2,2024,"Horror, Mystery, Thriller",6.8,86,67,"$68,967,012",Parker Finn,"Naomi Scott, Rosemarie DeWitt, Lukas Gage","About to embark on a world tour, global pop sensation Skye Riley begins experiencing increasingly terrifying and inexplicable events. Overwhelmed by the escalating horrors and the pressures of fame, Skye is forced to face her past.","$138,083,280",1.3548387096774197,0.65
tt8864596,Transformers One,2024,"Animation, Action, Adventure",7.6,89,64,"$59,054,170",Josh Cooley,"Chris Hemsworth, Brian Tyree Henry, Scarlett Johansson","The untold origin story of Optimus Prime and Megatron, better known as sworn enemies, but who once were friends bonded like brothers who changed the fate of Cybertron forever.","$129,364,141",0.7142857142857142,0.5
tt23468450,Longlegs,2024,"Crime, Horror, Thriller",6.6,86,77,"$74,346,140",Osgood Perkins,"Maika Monroe, Nicolas Cage, Blair Underwood","In pursuit of a serial killer, an FBI agent uncovers a series of occult clues that she must solve to end his terrifying killing spree.","$126,942,386",0.9583333333333331,0.580645161290323
tt17279496,Civil War,2024,"Action, Adventure, Thriller",7,81,75,"$68,756,072",Alex Garland,"Kirsten Dunst, Wagner Moura, Cailee Spaeny","In a dystopian future, four journalists travel across the United States during a nation-wide conflict. While trying to survive, they aim to reach the White House to interview the president before he is overthrown.","$126,185,957",0.7027027027027029,-0.5
tt11563598,A Complete Unknown,2024,"Biography, Drama, Music",7.7,80,70,"$66,837,359",James Mangold,"Timothée Chalamet, Edward Norton, Elle Fanning","In 1961, an unknown 19-year-old Bob Dylan arrives in New York City with his guitar and forges relationships with musical icons on his meteoric rise, culminating in a groundbreaking performance that reverberates around the world.","$110,157,927",0.7857142857142861,0.693548387096774
tt30768761,The Last Frenzy,2024,"Comedy, Drama",6.6,76,59.5,N/A,Rina Wu,"Bing Jia, Zhuo Tan, Shenyang Xiao","Jia Youwei (played by Jia Bing) is the undisputed spokesperson for the ""Money Saving Gate"" and the proud son of heaven who is far ahead in the stingy race. He spent half his life searching and didn't dare to spend money with his l...","$107,620,607 (Chinese movie)",0,0
tt11762114,Mean Girls,2024,"Comedy, Musical",5.6,69,58,"$72,404,248","Samantha Jayne, Arturo Perez Jr.","Angourie Rice, Reneé Rapp, Auli'i Cravalho","Cady Heron is a hit with the Plastics, an A-list girl clique at her new school. But everything changes when she makes the mistake of falling for Aaron Samuels, the ex-boyfriend of alpha Plastic Regina George.","$104,793,431",0,1.25
tt31474158,Detective Conan: The Million-Dollar Pentagram,2024,"Animation, Mystery, Romance",6.8,76,59.5,N/A,Chika Nagaoka,"Banjô Ginga, Hikaru Hanada, Tomoe Hanba","The ""truth"" hidden in the sword cuts through the dark night and leads us under the moon. Love and incidents unfold in turbulent ways. ? The treasure battle mystery that will divide the world has begun.","$103,494,958 (Japanese movie)",1.641509433962264,1.15
tt11057302,Madame Web,2024,"Action, Adventure, Sci-Fi",4,11,26,"$43,817,106",S.J. Clarkson,"Dakota Johnson, Sydney Sweeney, Isabela Merced","Forced to confront her past, Cassandra Webb, a Manhattan paramedic that may have clairvoyant abilities, forms a relationship with three young women destined for powerful futures, if they can survive their threatening present.","$100,498,764",0,0.571428571428572
tt30476486,Haikyu!! The Dumpster Battle,2024,"Animation, Comedy, Drama",7.8,75,67,"$7,071,622",Susumu Mitsunaka,"Ayumu Murase, Kaito Ishikawa, Yûki Kaji","Despite a strong field, the Karasuno High volleyball team advances past the preliminary round of the Harutaka tournament in Miyagi prefecture to reach the third round.","$100,255,784 (Japanese movie)",-1,-1.0625
tt20215234,Conclave,2024,"Drama, Mystery, Thriller",7.4,93,79,"$31,795,645",Edward Berger,"Ralph Fiennes, Stanley Tucci, John Lithgow","When Cardinal Lawrence is tasked with leading one of the world's most secretive and ancient events, selecting a new Pope, he finds himself at the center of a conspiracy that could shake the very foundation of the Catholic Church.","$98,531,621",0.9583333333333331,0.711864406779661
tt15009428,Argylle,2024,"Action, Comedy, Thriller",5.6,33,35,"$45,207,275",Matthew Vaughn,"Henry Cavill, Bryce Dallas Howard, Sam Rockwell",A reclusive author who writes espionage novels about a secret agent and a global spy syndicate realizes that the plot of the new book she's writing starts to mirror real-world events in real time.,"$96,221,061",0,0.62962962962963
tt16426418,Challengers,2024,"Comedy, Drama, Romance",7.1,88,82,"$50,119,408",Luca Guadagnino,"Mike Faist, Josh O'Connor, Zendaya","Tashi, a former tennis prodigy turned coach, transformed her husband into a champion. But to overcome a recent losing streak and redeem himself, he'll need to face off against his former best friend and Tashi's ex-boyfriend.","$96,019,408",0.9583333333333331,-0.235294117647059
tt20316748,Twilight of the Warriors: Walled In,2024,"Action, Crime, Thriller",7,90,77,"$336,023",Soi Cheang,"Louis Koo, Sammo Kam-Bo Hung, Richie Jen","Follows troubled youth Chan Lok-kwun as he accidentally enters the Walled City, discovers the order amidst its chaos, and learns important life lessons along the way.","$95,335,412 (Chinese movie)",-1,2
tt27802490,Exhuma,2024,"Drama, Horror, Mystery",6.9,95,59.5,"$2,310,900",Jang Jae-hyun,"Choi Min-sik, Kim Go-eun, Lee Do-hyun",The process of excavating an ominous grave unleashes dreadful consequences buried underneath.,"$93,891,418 (South Korean movie)",0.9583333333333331,1.2
tt29319990,"The Pig, the Snake and the Pigeon",2023,"Action, Crime, Drama",7.3,76,59.5,N/A,Wong Ching-Po,"Ethan Juan, Ben Yuen, Chen Yiwen","Discovering that he is only the third most wanted fugitive in Taiwan, a criminal embarks on a journey to overtake the first two.","$91,608,950 (Chinese movie)",-1,2.375
tt30795948,A Little Something Extra,2024,Comedy,7,76,59.5,N/A,Artus,"Théophile Leroy, Ludovic Boul, Stanislas Carmont","To escape the police, a son and his father find refuge in a summer camp for young adults with disabilities, posing as a resident and his educator. The beginning of trouble and a wonderful human experience that will change them for...","$84,014,469 (French movie)",1.641509433962264,2
tt27811040,The Roundup: Punishment,2024,"Action, Crime, Thriller",6.6,91,59.5,"$1,154,475",Heo Myeong-haeng,"Ma Dong-seok, Kim Mu-yeol, Park Ji-hwan","Detective Ma Seok-do joins the Cyber Investigation Team to nab Baek Chang-ki, a former mercenary and the head of an online gambling organization.","$83,703,350 (Korean movie)",-1,1.10526315789474
tt26753003,Trap,2024,"Crime, Horror, Mystery",5.9,57,52,"$42,777,281",M. Night Shyamalan,"Josh Hartnett, Ariel Donoghue, Saleka Shyamalan",A father and his teen daughter attend a pop concert only to realize they've entered the center of a dark and sinister event.,"$82,677,281",0,-0.5
tt27534307,Speak No Evil,2024,"Drama, Horror, Thriller",6.8,83,66,"$36,931,420",James Watkins,"James McAvoy, Mackenzie Davis, Scoot McNairy","A family is invited to spend a whole weekend in a lonely home in the countryside, but as the weekend progresses, they realize that a dark side lies within the family who invited them.","$76,756,109",-0.04054054054054071,0.686274509803921
tt26446278,The Count of Monte-Cristo,2024,"Action, Adventure, Drama",7.6,96,75,"$510,843","Alexandre de La Patellière, Matthieu Delaporte","Pierre Niney, Bastien Bouillon, Anaïs Demoustier","After escaping from an island prison where he spent 14 years for being wrongly accused of state treason, Edmond Dantès returns as the Count of Monte Cristo to exact revenge on the men who betrayed him.","$74,895,078 (French movie)",-1,0
tt15073642,Formed Police Unit,2024,"Action, Adventure, Crime",4.8,76,59.5,N/A,Tat-Chiu Lee,"Johnny Huang, Yibo Wang, Kevin Lee",The film focuses on the Chinese peacekeeping police and tells about the Chinese peacekeeping police A riot squad on an overseas mission. How the members of the peacekeeping Riot Prevention Team will respond to new and serious chal...,"$71,896,273 (Chinese movie)",0,2.06666666666667
tt29509966,Moments We Shared,2024,"Drama, Romance",6.6,76,59.5,N/A,Jiajia Zhang,"Yuchang Peng, Ye Zhou, Liya Ai","Liu Shi San, a city graduate, faces challenges in love and career. Returning to his hometown with his grandmother, he decides to renovate her canteen to pursue city dreams, encountering obstacles that reshape his priorities.","$71,154,383 (Chinese movie)",0,0
tt33069182,Go for Broke,2024,"Action, Crime",5.6,76,59.5,N/A,Marc Ma,"Nick Cheung, Ethan Juan, Sandrine Pinna","Zhang Yao, whose family was destroyed by drug dealers, secretly cooperates with Anti-drug team leader An Du. The two join forces to ruthlessly eliminate the evil and vow to wipe out Mukun and Anpei, the Top 2 figures of the crimin...","$65,378,866 (Chinese movie)",0,0.368421052631579
tt30845371,Tiger Wolf Rabbit,2024,"Crime, Drama",6.1,76,59.5,N/A,Bai Wu,"Yang Xiao, Liying Zhao, Ye Liu","Cui Dalu (played by Xiao Yang), Li Hongying (played by Zhao Liying), and Zhao Zishan (played by Liu Ye) have each lost a child and become entangled. Along the way of finding, they encounter one bizarre and dangerous crisis after a...","$64,720,821 (Chinese movie)",0.9583333333333331,0
tt30057084,Babygirl,2024,"Drama, Romance, Thriller",6.6,76,79,"$28,123,159",Halina Reijn,"Nicole Kidman, Harris Dickinson, Antonio Banderas",A high-powered CEO puts her career and family on the line when she begins a torrid affair with her much-younger intern.,"$62,889,273",0.9583333333333331,0.241379310344828
tt8790086,Kraven the Hunter,2024,"Action, Thriller",5.4,16,35,"$24,923,020",J.C. Chandor,"Aaron Taylor-Johnson, Ariana DeBose, Fred Hechinger","Kraven's complex relationship with his ruthless father, Nikolai Kravinoff, starts him down a path of vengeance with brutal consequences, motivating him to become not only the greatest hunter in the world, but also one of its most ...","$61,385,970",0,0.61764705882353
tt30836045,White Snake: Afloat,2024,"Animation, Comedy, Fantasy",6.6,76,59.5,N/A,"Jianxi Chen, Jiakai Li","Xiaoxi Tang, Tianxiang Yang, Zhe Zhang","Xiaobai finally found Xu Xian, the reincarnation of Axuan, after 500 years, the two met on the Broken Bridge. Xiaobai and sister hid in the streets and alleys, started a lively life in human world with him and his brother-in-law L...","$59,791,570 (Chinese movie)",-1,3
tt9682428,Night Swim,2024,"Horror, Thriller",4.7,20,43,"$32,494,740",Bryce McGuire,"Wyatt Russell, Kerry Condon, Amélie Hoeferle","A family moves into a new home, unaware that a dark secret from the house's past will unleash a malevolent force in the backyard pool.","$54,768,317",0,0.615384615384616
tt31457736,Kingdom 4: Return of the Great General,2024,"Action, Drama, History",7.2,76,59.5,N/A,Shinsuke Sato,"Yûko Araki, Kanna Hashimoto, Yusuke Hirayama","While Qin continues to fight for the unification of the region, its neighboring country invades Qin from the north.","$54,099,198 (Japanese movie)",1,0
tt5672290,The First Omen,2024,Horror,6.5,83,59.5,"$20,092,802",Arkasha Stevenson,"Nell Tiger Free, Ralph Ineson, Sonia Braga","A young American woman is sent to Rome to begin a life of service to the church, but encounters a darkness that causes her to question her faith and uncovers a terrifying conspiracy that hopes to bring about the birth of evil inca...","$53,845,880",0.6499999999999999,0.5
tt30287778,"I, the Executioner",2024,"Action, Adventure, Comedy",6.4,100,59.5,"$388,067",Ryoo Seung-wan,"Ahn Bo-hyun, Oh Dae-hwan, Oh Dal-su","Rookie detective Park Sun Woo and Seo Do-Cheol, a veteran of the Violent Crimes Investigation Division team, chase after a serial killer who shakes up their world.","$53,697,201 (Korean movie)",-1,1
tt21261712,Back to Black,2024,"Biography, Drama, Music",6.3,35,43,"$6,157,705",Sam Taylor-Johnson,"Marisa Abela, Eddie Marsan, Jack O'Connell","The life and music of Amy Winehouse, through the journey of adolescence to adulthood and the creation of one of the best-selling albums of our time.","$50,996,759",0.10909090909090892,1.05555555555556
tt32121131,Upstream,2024,Drama,7,76,59.5,N/A,Zheng Xu,"Zheng Xu, Zhilei Xin, Xiao Wang","Gao Zhilei's impulsive decision to become a stay-at-home husband leads to unforeseen challenges. As life takes a reverse turn, he's forced to face responsibilities as the family's breadwinner, ultimately finding himself and starti...","$50,517,264 (Chinese movie)",0.9583333333333331,0
tt14088510,Tarot,2024,Horror,4.8,17,36,"$18,771,004","Spenser Cohen, Anna Halberg","Harriet Slater, Adain Bradley, Jacob Batalon","When a group of friends recklessly violates the sacred rule of Tarot readings, they unknowingly unleash an unspeakable evil trapped within the cursed cards. One by one, they come face to face with fate and end up in a race against...","$49,256,239",0,1.96296296296296
tt22050754,The Strangers: Chapter 1,2024,Horror,4.6,21,43,"$35,202,562",Renny Harlin,"Madelaine Petsch, Ryan Bown, Matus Lajcak","After their car breaks down in an eerie small town, a young couple is forced to spend the night in a remote cabin. Panic ensues as they are terrorized by three masked strangers who strike with no mercy and seemingly no motive.","$48,166,448",0,-0.454545454545454
tt14858658,Blink Twice,2024,"Mystery, Thriller",6.5,75,66,"$23,093,906",Zoë Kravitz,"Naomi Ackie, Channing Tatum, Alia Shawkat","When tech billionaire Slater King meets cocktail waitress Frida at his fundraising gala, he invites her to join him and his friends on a dream vacation on his private island. As strange things start to happen, Frida questions her ...","$46,393,906",0.9583333333333331,0.42
tt30395619,Demon Slayer: Kimetsu No Yaiba - To the Hashira Training,2024,"Animation, Action",7.1,76,59.5,"$17,657,658",Haruo Sotozaki,"Natsuki Hanae, Kengo Kawanishi, Akari Kitô","Tanjiro undergoes rigorous training with the Stone Hashira, Himejima, in his quest to become a Hashira. Meanwhile, Muzan continues to search for Nezuko and Ubuyashiki.","$44,350,181",-0.625,1.10526315789474
tt28015403,Heretic,2024,"Horror, Thriller",7,91,71,"$27,986,380","Scott Beck, Bryan Woods","Hugh Grant, Sophie Thatcher, Chloe East",Two young religious women are drawn into a game of cat-and-mouse in the house of a strange man.,"$43,977,764",0.9583333333333331,0.545454545454546
tt26658104,Imaginary,2024,"Horror, Mystery, Thriller",4.7,24,34,"$28,009,161",Jeff Wadlow,"DeWanda Wise, Taegen Burns, Pyper Braun",A woman returns to her childhood home to discover that the imaginary friend she left behind is very real and unhappy that she abandoned him.,"$43,787,034",0,0
tt27489557,Abigail,2024,"Horror, Thriller",6.6,83,62,"$25,867,515","Matt Bettinelli-Olpin, Tyler Gillett","Melissa Barrera, Dan Stevens, Alisha Weir","After a group of criminals kidnap the ballerina daughter of a powerful underworld figure, they retreat to an isolated mansion, unaware that they're locked inside with no normal little girl.","$42,791,449",0.9583333333333331,2.11111111111111
tt1896747,Fly Me to the Moon,2024,"Comedy, Romance",6.6,65,53,"$20,532,222",Greg Berlanti,"Scarlett Johansson, Channing Tatum, Woody Harrelson","Marketing maven Kelly Jones wreaks havoc on NASA launch director Cole Davis's already difficult task. When the White House deems the mission too important to fail, the countdown truly begins.","$42,247,783",0.8846153846153836,0
tt10720352,Arthur the King,2024,"Adventure, Drama, Sport",7,69,54,"$25,049,006",Simon Cellan Jones,"Mark Wahlberg, Simu Liu, Juliet Rylance",An adventure racer adopts a stray dog named Arthur to join him in an epic endurance race.,"$40,815,190",0.9320388349514566,1.06060606060606
tt26731216,The Forge,2024,"Drama, Family",6.6,63,59.5,"$29,123,632",Alex Kendrick,"Cameron Arnett, Priscilla C. Shirer, Aspen Kennedy","After graduating from high school without any plans for the future, Isaiah receives a push to start making better life decisions.","$40,392,664",-1,1.28070175438596
tt2347285,The Best Christmas Pageant Ever,2024,"Adventure, Comedy, Drama",6.8,92,60,"$40,048,808",Dallas Jenkins,"Kynlee Heiman, Sebastian Billingsley-Rodriguez, Judy Greer",Nobody is ready for the mayhem and surprises that ensue when six of the worst youngsters disrupt the town's yearly Christmas performance.,"$40,226,180",1,1.1063829787234
tt17505010,Horizon: An American Saga - Chapter 1,2024,"Drama, Western",6.7,51,49,"$29,035,702",Kevin Costner,"Kevin Costner, Sienna Miller, Sam Worthington","Chronicles a multi-faceted, 15-year span of pre-and post-Civil War expansion and settlement of the American west.","$38,235,702",1.25,1.44827586206897
tt28607951,Anora,2024,"Comedy, Drama, Romance",7.8,94,91,"$15,140,997",Sean Baker,"Mikey Madison, Paul Weissman, Yura Borisov","A young escort from Brooklyn meets and impulsively marries the son of a Russian oligarch. Once the news reaches Russia, her fairy tale is threatened as his parents set out for New York to get the marriage annulled.","$38,105,404",0.9583333333333331,0.524271844660194
tt8999762,The Brutalist,2024,Drama,8,94,90,"$12,116,310",Brady Corbet,"Adrien Brody, Felicity Jones, Guy Pearce","When a visionary architect and his wife flee post-war Europe in 1947 to rebuild their legacy and witness the birth of modern United States, their lives are changed forever by a mysterious, wealthy client.","$36,628,412.00",0.5588235294117649,-0.11764705882353
tt23137390,Immaculate,2024,Horror,5.8,71,57,"$15,671,307",Michael Mohan,"Sydney Sweeney, Álvaro Morte, Simona Tabasco","Cecilia, a woman of devout faith, is warmly welcomed to the picture-perfect Italian countryside where she is offered a new role at an illustrious convent. But it becomes clear to Cecilia that her new home harbors dark and horrifyi...","$35,340,015",0,-0.457142857142857
tt9214772,Monkey Man,2024,"Action, Crime, Thriller",6.8,89,70,"$25,116,955",Dev Patel,"Dev Patel, Sharlto Copley, Pitobash",An anonymous young man unleashes a campaign of vengeance against the corrupt leaders who murdered his mother and continue to systematically victimize the poor and powerless.,"$35,271,631",-1,1.76666666666667
tt26736843,The Watchers,2024,"Fantasy, Horror, Mystery",5.7,33,46,"$19,071,404",Ishana Shyamalan,"Dakota Fanning, Georgina Campbell, Olwen Fouéré","A young artist gets stranded in an extensive, immaculate forest in western Ireland, where, after finding shelter, she becomes trapped alongside three strangers, stalked by mysterious creatures each night.","$33,271,404",0,1.45161290322581
tt4978420,Borderlands,2024,"Action, Adventure, Comedy",4.6,10,26,"$15,482,668",Eli Roth,"Cate Blanchett, Kevin Hart, Edgar Ramírez","An infamous bounty hunter returns to her childhood home, the chaotic planet Pandora, and forms an unlikely alliance with a team of misfits to find the missing daughter of the most powerful man in the universe.","$32,978,510",0,0.0721649484536083
tt1609486,Harold and the Purple Crayon,2024,"Animation, Adventure, Comedy",5.7,27,34,"$17,640,924",Carlos Saldanha,"Zachary Levi, Lil Rel Howery, Benjamin Bottani","Inside of his book, adventurous Harold can make anything come to life simply by drawing it. After he grows up and draws himself off the book's pages and into the physical world, Harold finds he has a lot to learn about real life.","$32,227,291",0,0.294117647058824
tt27131358,We Live in Time,2024,"Drama, Romance",7,79,59,"$24,690,031",John Crowley,"Andrew Garfield, Florence Pugh, Grace Delaney","After an unusual encounter, a talented chef and a recently divorcée fall in love and build the home and family they've always dreamed of, until a painful truth puts their love story to the test.","$32,071,378",0.4566210045662108,0.153846153846154
tt5177120,The Ministry of Ungentlemanly Warfare,2024,"Action, Comedy, War",6.8,68,55,"$20,535,053",Guy Ritchie,"Henry Cavill, Alan Ritchson, Alex Pettyfer",The British military recruits a small group of highly skilled soldiers to strike against German forces behind enemy lines during World War II.,"$29,715,044",0.4233128834355831,0.344827586206896
tt1340094,The Crow,2024,"Action, Crime, Fantasy",4.7,87,30,"$9,275,659",Rupert Sanders,"Bill Skarsgård, FKA twigs, Danny Huston","Soulmates Eric and Shelly are brutally murdered. Given a chance to save the love of his life, Eric must sacrifice himself and traverse the worlds of the living and the dead, seeking revenge.","$24,088,961",0,0.14
tt22048412,MaXXXine,2024,"Crime, Horror",6.3,72,64,"$15,097,632",Ti West,"Charley Rowan McCain, Simon Prast, Mia Goth","In 1980s Hollywood, adult film star and aspiring actress Maxine Minx finally gets her big break. But as a mysterious killer stalks the starlets of Hollywood, a trail of blood threatens to reveal her sinister past.","$22,057,160",0.9583333333333331,0.216216216216216
tt23638614,Unsung Hero,2024,"Drama, Family",7,76,46,"$20,335,239","Richard L. Ramsey, Joel David Smallbone","Daisy Betts, Joel David Smallbone, Kirrilee Berger",A mother's faith stands against all odds and inspires her husband and children to hold onto theirs. Based on a remarkable true story.,"$21,214,331",0.9583333333333331,1.35897435897436
tt21823606,A Real Pain,2024,"Comedy, Drama",7.2,96,86,"$8,139,173",Jesse Eisenberg,"Kieran Culkin, Jesse Eisenberg, Olha Bosova","Mismatched cousins reunite for a tour through Poland to honor their beloved grandmother, but their old tensions resurface against the backdrop of their family history.","$21,117,697",0.8012820512820515,0
tt4996328,Ordinary Angels,2024,"Biography, Drama",7.4,84,57,"$19,174,421",Jon Gunn,"Hilary Swank, Alan Ritchson, Emily Mitchell",Inspired by the incredible true story of a hairdresser who single-handedly rallies an entire community to help a widowed father save the life of his critically ill young daughter.,"$20,571,534",0.9583333333333331,0
tt14824600,The Lord of the Rings: The War of the Rohirrim,2024,"Animation, Action, Adventure",6.5,48,54,"$8,590,000",Kenji Kamiyama,"Brian Cox, Gaia Wise, Miranda Otto","A sudden attack by Wulf, a clever and traitorous lord of Rohan seeking vengeance for the death of his father, forces Helm Hammerhand, the King of Rohan, and his people to make a daring last stand in the ancient stronghold of the H...","$19,954,659",0.36708860759493656,0
tt22408160,Kinds of Kindness,2024,"Comedy, Drama, Horror",6.6,71,59.5,"$5,038,931",Yorgos Lanthimos,"Emma Stone, Jesse Plemons, Willem Dafoe","A man seeks to break free from his predetermined path, a cop questions his wife's demeanor after her return from a supposed drowning, and a woman searches for an extraordinary individual prophesied to become a renowned spiritual g...","$16,398,509",1.2857142857142858,0
tt29439114,The Room Next Door,2024,Drama,6.9,81,70,"$2,382,834",Pedro Almodóvar,"Julianne Moore, Tilda Swinton, John Turturro","Ingrid and Martha were close friends in their youth, when they worked together at the same magazine. After years of being out of touch, they meet again in an extreme but strangely sweet situation.","$16,354,648",0.5616438356164386,0
tt14415204,Never Let Go,2024,"Horror, Thriller",5.4,58,55,"$10,306,106",Alexandre Aja,"Halle Berry, Percy Daggs IV, Anthony B. Jenkins",A family that has been haunted by an evil spirit for years. Their safety and their surroundings come into question when one of the children questions if the evil is real.,"$14,635,877",0,0
tt28671146,Blue Lock: Episode Nagi,2024,"Animation, Drama, Sport",6.6,76,59.5,"$1,855,384",Shunsuke Ishikawa,"Nobunaga Shimazaki, Yuma Uchida, Kazuyuki Okitsu",Seishiro Nagi before he enters the titular Blue Lock facility.,"$14,291,561 (Japanese movie)",0.9583333333333331,0
tt10128846,Megalopolis,2024,"Drama, Fantasy, Sci-Fi",4.8,45,55,"$7,629,085",Francis Ford Coppola,"Adam Driver, Giancarlo Esposito, Nathalie Emmanuel","The city of New Rome faces the duel between Cesar Catilina, a brilliant artist in favor of an Utopian future, and the greedy mayor Franklyn Cicero. Between them is Julia Cicero, with her loyalty divided between her father and her ...","$13,858,876",0,0
tt24577462,Afraid,2024,"Horror, Mystery, Sci-Fi",5.2,22,28,"$6,725,687",Chris Weitz,"John Cho, Katherine Waterston, Keith Carradine",The Curtis family is selected to test a new home device: a digital assistant called AIA. AIA learns the family's behaviors and begins to anticipate their needs. And she can make sure nothing - and no one - gets in her family's way.,"$12,977,758",0,0
tt19637052,Love Lies Bleeding,2024,"Action, Adventure, Crime",6.6,94,77,"$8,335,797",Rose Glass,"Anna Baryshnikov, Kristen Stewart, Dave Franco","Reclusive gym manager Lou falls hard for Jackie, an ambitious bodybuilder headed through town to Vegas in pursuit of her dream. But their love ignites violence, pulling them deep into the web of Lou's criminal family.","$12,778,206",0.29999999999999993,0
tt18272208,Here,2024,Drama,6.3,37,39,"$12,237,270",Robert Zemeckis,"Tom Hanks, Robin Wright, Paul Bettany","A generational story about families and the special place they inhabit, sharing in love, loss, laughter, and life.","$12,314,793",0.576158940397351,0
tt14260836,Better Man,2024,"Biography, Fantasy, Music",7.6,88,77,"$1,983,648",Michael Gracey,"Robbie Williams, Jonno Davies, Steve Pemberton","The meteoric rise, dramatic fall, and remarkable resurgence of British pop superstar Robbie Williams.","$11,901,335",-1,0
tt31064841,Piece by Piece,2024,"Animation, Biography, Comedy",6.9,83,63,"$9,756,635",Morgan Neville,"Pharrell Williams, Morgan Neville, Kendrick Lamar","A vibrant journey through the life of Pharrell Williams, told through the lens of LEGO animation.","$10,585,957",1.2962962962962965,0
tt21188080,Lisa Frankenstein,2024,"Comedy, Horror, Romance",6.1,52,47,"$9,774,285",Zelda Williams,"Kathryn Newton, Liza Soberano, Jenna Davis","A coming of RAGE love story about a teenager and her crush, who happens to be a corpse. After a set of horrific circumstances bring him back to life, the two embark on a journey to find love, happiness - and a few missing body parts.","$9,927,714",0.9583333333333331,0
tt27657135,Saturday Night,2024,"Biography, Comedy, Drama",7,78,61,"$9,511,315",Jason Reitman,"Gabriel LaBelle, Rachel Sennott, Cory Michael Smith","At 11:30pm on October 11th, 1975, a ferocious troupe of young comedians and writers changed television forever. Find out what happened behind the scenes in the 90 minutes leading up to the first broadcast of Saturday Night Live (1...","$9,802,248",0.9583333333333331,0
tt6133444,The Fire Inside,2024,"Biography, Drama, Sport",6.6,93,79,"$8,093,190",Rachel Morrison,"Ryan Destiny, Brian Tyree Henry, Jazmin Headley","The story of Claressa 'T-Rex' Shields, a boxer from Flint, Michigan who trained to become the first woman in her country's history to win an Olympic gold medal in the sport.","$7,956,610",1.157894736842105,0
tt19356262,Drive-Away Dolls,2024,"Action, Comedy, Thriller",5.4,63,56,"$5,028,215",Ethan Coen,"Margaret Qualley, Geraldine Viswanathan, Beanie Feldstein","Jamie regrets her breakup with her girlfriend, while Marian needs to relax. In search of a fresh start, they embark on an unexpected road trip to Tallahassee. Things quickly go awry when they cross paths with a group of inept crim...","$7,935,363",0,0
tt14603848,Overlord: The Sacred Kingdom,2024,"Animation, Action, Adventure",7.1,76,59.5,"$1,650,280",Naoyuki Itô,"Satoshi Hino, Yumi Hara, Masayuki Katô","Momonga, now known as the Sorcerer King Ains Ooal Gown, rallies the Sorcerer Kingdom and its undead army to join the fight alongside the Sacred Kingdom and the Slane Theocracy in hopes to defeat the Demon Emperor Jaldabaoth.","$7,614,966 (Japanese movie)",-1,0
tt12349832,Cuckoo,2024,"Horror, Mystery, Thriller",5.8,79,62,"$6,217,733",Tilman Singer,"Hunter Schafer, Jan Bluthardt, Marton Csokas",A 17-year-old girl is forced to move with her family to a resort where things are not what they seem.,"$6,680,396",0,0
tt0327785,The Killer's Game,2024,"Action, Comedy, Thriller",5.7,46,37,"$5,404,378",J.J. Perry,"Dave Bautista, Dmitrij Kalacsov, Mia Rouba M.Kiss","When a hitman is diagnosed with a terminal illness, he decides to take a hit out on himself. But when the very hitmen he hired also target his ex-girlfriend, he must fend off an army of assassin colleagues.","$5,928,351",0,0
tt18559464,My Old Ass,2024,"Comedy, Drama, Romance",7,90,74,"$5,372,282",Megan Park,"Maisy Stella, Aubrey Plaza, Percy Hynes White","A mushroom trip brings free-spirited Elliott face-to-face with her 39-year-old self. But when Elliott's ""old ass"" delivers warnings to her younger self, Elliott realizes she has to rethink everything about her family, life and love.","$5,655,040",1.2921348314606742,0
tt15574270,I Saw the TV Glow,2024,"Drama, Horror",5.8,84,86,"$5,017,817",Jane Schoenbrun,"Justice Smith, Brigette Lundy-Paine, Ian Foreman",A teenager just trying to make it through life in the suburbs is introduced by a classmate to a mysterious late-night TV show.,"$5,396,997",0,0
tt11687002,The Outrun,2024,Drama,6.9,82,72,"$1,025,958",Nora Fingscheidt,"Saoirse Ronan, Paapa Essiedu, Nabil Elouahabi","After living life on the edge in London, Rona attempts to come to terms with her troubled past. Hoping to heal, she returns to the wild beauty of Scotland's Orkney Islands where she grew up.","$5,254,926",0.99,0
tt30319503,Dìdi,2024,"Comedy, Drama",7.4,76,59.5,"$4,839,360",Sean Wang,"Izaac Wang, Joan Chen, Shirley Chen","In 2008, during the last month of summer before high school begins, an impressionable 13-year-old Taiwanese American boy learns what his family can't teach him: how to skate, how to flirt, and how to love your mom.","$5,135,513.00",0.9583333333333331,0
tt27218960,Y2K,2024,"Comedy, Horror, Sci-Fi",5.1,43,49,"$4,210,306",Kyle Mooney,"Jaeden Martell, Rachel Zegler, Julian Dennison",Two high school nobodies make the decision to crash the last major celebration before the new millennium on New Year's Eve 1999. The night becomes even crazier than they could have ever dreamed when the clock strikes midnight.,"$4,210,306",0,0
tt21276958,Babes,2024,Comedy,6.3,88,72,"$3,800,038",Pamela Adlon,"Elena Ouspenskaia, Sandra Bernhard, Oliver Platt","Lifelong friends Eden and Dawn, one single and wanting a baby, the other already a mother, navigate challenges to their bond when Eden pursues pregnancy alone after a one-night stand.","$3,898,742",0.9583333333333331,0
tt24176060,Queer,2024,"Biography, Drama, History",6.6,77,72,"$2,837,173",Luca Guadagnino,"Daniel Craig, Daan de Wit, Jason Schwartzman","In 1950s Mexico City, an American immigrant in his late forties leads a solitary life amidst a small American community. However, the arrival of a young student stirs the man into finally establishing a meaningful connection with ...","$3,207,001",0.9583333333333331,0
tt21905744,The Front Room,2024,"Horror, Thriller",4.6,42,49,"$3,092,269","Max Eggers, Sam Eggers","Brandy Norwood, Andrew Burnap, Kathryn Hunter","It tells the story of a newly pregnant couple who are forced to take in an ailing, estranged stepmother.","$3,165,361",0,0
tt23468836,Touch,2024,"Drama, Romance",7.4,92,74,"$1,174,640",Baltasar Kormákur,"Egill Ólafsson, Kôki, Palmi Kormákur","A romantic and thrilling story that spans several decades and continents; Touch follows one man's emotional journey to find his first love who disappeared 50 years ago, before his time runs out.","$2,840,525",0.9583333333333331,0
tt23055660,Nickel Boys,2024,Drama,7.4,90,91,"$2,285,584",RaMell Ross,"Ethan Herisse, Brandon Wilson, Aunjanue Ellis-Taylor","Based on the Pulitzer Prize-winning novel by Colson Whitehead, ""Nickel Boys"" chronicles the powerful friendship between two young African-American men navigating the harrowing trials of reform school together in Florida.","$2,770,705",0.9583333333333331,0
tt30007864,The American Society of Magical Negroes,2024,"Comedy, Fantasy",3.7,25,50,"$2,480,645",Kobi Libii,"Justice Smith, Zachary Barton, Anthony Coons",A young man is recruited into a secret society of magical black people who dedicate their lives to a cause of utmost importance: making white people's lives easier.,"$2,496,248",0,0
tt27722375,Between the Temples,2024,Comedy,6.2,85,59.5,"$2,084,122",Nathan Silver,"Jason Schwartzman, Carol Kane, Dolly De Leon",A cantor in a crisis of faith finds his world turned upside down when his grade school music teacher re-enters his life as his new adult Bat Mitzvah student.,"$2,316,693",-1,0
tt28082769,September 5,2024,"Drama, History, Thriller",7.1,93,76,"$2,508,723",Tim Fehlbaum,"Peter Sarsgaard, John Magaro, Ben Chaplin","During the 1972 Summer Olympics in Munich, Germany, an American sports broadcasting team must adapt to live coverage of the Israeli athletes being held hostage by a terrorist group.","$1,669,479",0.9583333333333331,0
tt8310486,Miller's Girl,2024,"Comedy, Drama",5.2,76,41,N/A,Jade Halley Bartlett,"Martin Freeman, Jenna Ortega, Bashir Salahuddin",A creative writing assignment yields complex results between a teacher and his talented student.,"$1,436,695",0,0
tt21097228,A Different Man,2024,"Comedy, Drama, Thriller",6.9,93,78,"$654,254",Aaron Schimberg,"Sebastian Stan, Renate Reinsve, Adam Pearson","An aspiring actor undergoes a radical medical procedure to drastically transform his appearance, but his new dream face quickly turns into a nightmare.","$1,327,640",1.641509433962264,0
tt15551346,The End,2024,"Drama, Fantasy, Musical",6.2,53,67,"$141,660",Joshua Oppenheimer,"Tilda Swinton, Michael Shannon, Tim McInnerny","After decades alone, a wealthy family living in a salt mine encounters a stranger.","$141,660",0,0
